<?xml version="1.0" encoding="utf-8"?>
<!-- Copyright (c) 2012 by Subset Games. All rights reserved -->
<FTL>


<nameList race="human" sex="male">
	<name>Kirby</name>
	<name>Ma Fan</name>
	<name>Jon</name>
	<name>Bjorn</name>
	<name>Justin</name>
	<name>Matt</name>
	<name>Oni</name>
	<name>Jack</name>
	<name>Markus</name>
	<name>Adnan</name>
	<name>Hector</name>
	<name>Liu Jun</name>
	<name>Jose</name>
	<name>Liam</name>
	<name>Eoin</name>
	<name>Markel</name>
	<name>Nathan</name>
	<name>Tomas</name>
	<name>Filip</name>
	<name>Nikola</name>
	<name>Maxim</name>
	<name>Artyom</name>
	<name>Mikhail</name>
	<name>Tai Yi</name>
	<name>Junpeng</name>
	<name>Steven</name>
	<name>Ferry</name>
	<name>Sem</name>
	<name>Tee Lek</name>
	<name>Matthieu</name>
	<name>King</name>
	<name>Graffin</name>
	<name>Hutz</name>
	<name>Atreyu</name>
	<name>Bryan</name>
	<name>Zas</name>
	<name>Bigby</name>
</nameList>

<nameList race="human" sex="female">
	<name>T'ten</name>
	<name>Layla</name>
	<name>Jill</name>
	<name>Alison</name>
	<name>Lexie</name>
	<name>Aki</name>
	<name>Maria</name>
	<name>Lauren</name>
	<name>Elizabeth</name>
	<name>Nazia</name>
	<name>Emily</name>
	<name>Willow</name>
	<name>Xin Xin</name>
	<name>Felicity</name>
	<name>Ariel</name>
	<name>Aisha</name>
	<name>Manon</name>
	<name>Emma</name>
	<name>Sophia</name>
	<name>Rebekah</name>
	<name>Lisandra</name>
	<name>Pipaluk</name>
	<name>Lana</name>
	<name>Noemi</name>
	<name>Valeriya</name>
	<name>Gracie</name>
</nameList>

<!-- Kickstarter name list start -->
<!-- Missing:
	$100
	Chase Cagle

	$500
	Steve Swink

-->

<nameList race="human" sex="female">
	<name>Beth</name>
	<name>Debbie</name>
	<name>Kara</name>
</nameList>


<nameList race="human" sex="male">
	<name>Alex Rigopulos</name>
	<name short="Mort">Mortraven</name>
	<name>Notch</name>
	<name>Steven</name>
	<name short="WaiShing">Wai-Shing</name>
	<name>Kadreal</name>
	<name>Starger</name>
	<name>Andrew Fenn</name>
	<name>Mr Buga</name>
	<name>Borman</name>
	<name>Scott Kletzkin</name>
	<name>Fleischy</name>
	<name>Joel</name>
	<name>Shelton</name>
	<name>Tach</name>
	<name>Logan Johnson</name>
	<name>Enzo Martin</name>
	<name>Jax</name>
	<name>Jeff Baars</name>
	<name>Ohm</name>
	<name>Ihlay Caris</name>
	<name>Gumpo</name>
	<name>Zerimar</name>
	<name>Bomfy M</name>
	<name>Nekose</name>
	<name>Scoops</name>
	<name>Remo</name>
	<name>Berko</name>
	<name>Jorlack</name>
	<name>Hassifa</name>
	<name short="Magmar">Magmaros</name>
	<name>Butters</name> <!-- not sure -->
	<name>Josh Cubbin</name>
	<name>Vitas Varnas</name>
	<name>Monsvik</name>
	<name>Grozoly</name>
	<name>Sean O'Regan</name>
	<name>Tom Banks</name>
	<name>Nikmi</name>
	<name>Mullett</name>
	<name>Vivimord</name>
	<name>Craig Dolan</name>
	<name>Dre Kozar</name>
	<name>Nick Lanng</name>
	<name>Giles</name>
	<name>CY Heng</name>
	<name short="Narth">Narthollis</name>
	<name short="Schultze">Norwyn Schultze</name>
	<name short="Chriz">Christoph Z</name>
	<name>Bruce Geryk</name>
	<name>Chris Phillips</name>
	<name>Mikael Olofsson</name>
	<name>James Pomeroy</name>
	<name>Mike Weston</name>
	<name>Jason Bovee</name>
	<name>Xemu</name>
	<name>Nick Breckon</name>
	<name>Kapalka</name>
	<name>Stick</name>
	<name>Roper</name>
	<name short="Frederic">Frederick</name>
	<name>Henrik Aasted</name>
	<name>Firedihm</name>
	<name>Triko</name>
	<name short="Mara">Maradine</name>
  	<name short="Swamps">Swampson</name> <!--Shortens to Swamps. Messaged -->
	<name>Arries</name>
	<name>Elnubnub</name>
	<name>Ken</name>
	<name>Randy Walker</name>
	<name>Declan</name>
	<name>Luaan Ti</name>
	<name>Kirkner</name>
	<name>Lombard</name>
	<name>Feras</name>
	<name>Yeoz</name>
	<name>Ryan Maniscalco</name>
	<name>GM Faux</name>
	<name>O. Williams</name>
	<name>Yevon Si</name>
	<name>Johnny Maloney</name>
	<name>Will</name>
	<name>Maxwell</name>
	<name>Thomas Bloch</name>
	<name>Rynhart</name>
	<name>Cremity</name>
	<name>AJ Hager</name>
	<name>Stephen Eckman</name>
	<name>Jan Magne</name>
	<name>Jack Shirai</name>
	<name>Julian Rafn</name>
	<name>Markand</name>
	<name>Steven Dengler</name>
	<name>Nelis</name>
	<name>Chris Malott</name>
	<name>Davion</name>
	<name>Jon Caldwell</name>
	<name>Kusy</name>
	<name>Lagardi</name>
	<name>Vincent</name>
	<name>Kevin Fish</name>
	<name>Turing</name>
	<name>Stelly</name>
	<name>Teldarin</name>
</nameList>


<!-- German -->
<nameList race="human" sex="male" language="de">
	<name>Kirby</name>
	<name>Ma Fan</name>
	<name>John</name>
	<name>Björn</name>
	<name>Justin</name>
	<name>Matt</name>
	<name>Oni</name>
	<name>Jack</name>
	<name>Markus</name>
	<name>Adrian</name>
	<name>Hektor</name>
	<name>Liu Jun</name>
	<name>José</name>
	<name>Liam</name>
	<name>Erik</name>
	<name>Martin</name>
	<name>Nathan</name>
	<name>Thomas</name>
	<name>Philipp</name>
	<name>Nikolas</name>
	<name>Max</name>
	<name>Artur</name>
	<name>Mikhail</name>
	<name>Tai Yi</name>
	<name>Junpeng</name>
	<name>Steven</name>
	<name>Frank</name>
	<name>Sam</name>
	<name>Tee Lek</name>
	<name>Matthieu</name>
	<name>Karl</name>
	<name>Graffin</name>
	<name>Hutz</name>
	<name>Atreyu</name>
	<name>Bryan</name>
	<name>Zas</name>
	<name>Bigby</name>
	<name>Alex Rigopulos</name>
	<name short="Mort">Mortraven</name>
	<name>Notch</name>
	<name>Steven</name>
	<name short="Wai-Shing">Wai-Shing</name>
	<name>Kadreal</name>
	<name>Starger</name>
	<name>Andrew Fenn</name>
	<name>Mr. Buga</name>
	<name>Borman</name>
	<name>Scott Kletzkin</name>
	<name>Floschy</name>
	<name>Joel</name>
	<name>Shelton</name>
	<name>Tachy</name>
	<name>Logan Johnson</name>
	<name>Enzo Martin</name>
	<name>Jax</name>
	<name>Jeff Baars</name>
	<name>Ohm</name>
	<name>Ihlay Caris</name>
	<name>Gumpo</name>
	<name>Zerimar</name>
	<name>Bomfy M</name>
	<name>Nekose</name>
	<name>Scoops</name>
	<name>Remo</name>
	<name>Berko</name>
	<name>Jorlack</name>
	<name>Hassifa</name>
	<name short="Magmar">Magmaros</name>
	<name>Butters</name>
	<name>Josh Cubbin</name>
	<name>Vitas Varnas</name>
	<name>Monsvik</name>
	<name>Grozoly</name>
	<name>Sean O'Regan</name>
	<name>Tom Banks</name>
	<name>Nikmi</name>
	<name>Mullett</name>
	<name>Vivimord</name>
	<name>Craig Dolan</name>
	<name>Dre Kozar</name>
	<name>Nick Lanng</name>
	<name>Giles</name>
	<name>CY Heng</name>
	<name short="Narth">Narthollis</name>
	<name short="Schultze">Norwyn Schultze</name>
	<name short="Chriz">Christoph Z</name>
	<name>Bruce Geryk</name>
	<name>Chris Phillips</name>
	<name>Mikael Olofsson</name>
	<name>James Pomeroy</name>
	<name>Mike Weston</name>
	<name>Jason Bovee</name>
	<name>Xemu</name>
	<name>Nick Breckon</name>
	<name>Kapalka</name>
	<name>Stick</name>
	<name>Roper</name>
	<name short="Frederic">Frederick</name>
	<name>Henrik Aasted</name>
	<name>Firedihm</name>
	<name>Triko</name>
	<name short="Mara">Maradine</name>
	<name short="Swamps">Swampson</name>
	<name>Arries</name>
	<name>Elnubnub</name>
	<name>Ken</name>
	<name>Randy Walker</name>
	<name>Declan</name>
	<name>Luaan Ti</name>
	<name>Kirkner</name>
	<name>Lombard</name>
	<name>Feras</name>
	<name>Yeoz</name>
	<name>Ryan Maniscalco</name>
	<name>GM Faux</name>
	<name>O. Williams</name>
	<name>Yevon Si</name>
	<name>Johnny Maloney</name>
	<name>Will</name>
	<name>Maxwell</name>
	<name>Thomas Bloch</name>
	<name>Rynhart</name>
	<name>Cremity</name>
	<name>AJ Hager</name>
	<name>Stephen Eckman</name>
	<name>Jan Magne</name>
	<name>Jack Shirai</name>
	<name>Julian Rafn</name>
	<name>Markand</name>
	<name>Steven Dengler</name>
	<name>Nelis</name>
	<name>Chris Malott</name>
	<name>Davion</name>
	<name>Jon Caldwell</name>
	<name>Kusy</name>
	<name>Lagardi</name>
	<name>Vincent</name>
	<name>Kevin Fish</name>
	<name>Turing</name>
	<name>Stelly</name>
	<name>Teldarin</name>
</nameList>
<nameList race="human" sex="female" language="de">
	<name>T'ten</name>
	<name>Layla</name>
	<name>Jill</name>
	<name>Alison</name>
	<name>Lexie</name>
	<name>Aki</name>
	<name>Maria</name>
	<name>Lauren</name>
	<name>Elizabeth</name>
	<name>Nadia</name>
	<name>Emily</name>
	<name>Wiebke</name>
	<name>Xin Xin</name>
	<name>Felicity</name>
	<name>Arielle</name>
	<name>Aisha</name>
	<name>Manon</name>
	<name>Emma</name>
	<name>Sophia</name>
	<name>Rebecca</name>
	<name>Lisandra</name>
	<name>Piper</name>
	<name>Lana</name>
	<name>Naomi</name>
	<name>Valeria</name>
	<name>Grace</name>
	<name>Beth</name>
	<name>Debbie</name>
	<name>Kara</name>
</nameList>

<!-- Spanish -->
<nameList race="human" sex="male" language="es">
	<name>Kirby</name>
	<name>Ma Fan</name>
	<name>Jon</name>
	<name>Bjorn</name>
	<name>Justin</name>
	<name>Matt</name>
	<name>Oni</name>
	<name>Jack</name>
	<name>Markus</name>
	<name>Adnan</name>
	<name>Héctor</name>
	<name>Liu Jun</name>
	<name>José</name>
	<name>Liam</name>
	<name>Eoin</name>
	<name>Markel</name>
	<name>Nathan</name>
	<name>Tomas</name>
	<name>Filip</name>
	<name>Nikola</name>
	<name>Maxim</name>
	<name>Artyom</name>
	<name>Mikhail</name>
	<name>Tai Yi</name>
	<name>Junpeng</name>
	<name>Steven</name>
	<name>Ferry</name>
	<name>Sem</name>
	<name>Tee Lek</name>
	<name>Matthieu</name>
	<name>King</name>
	<name>Graffin</name>
	<name>Hutz</name>
	<name>Atreyu</name>
	<name>Bryan</name>
	<name>Zas</name>
	<name>Bigby</name>
	<name>Alex Rigopulos</name>
	<name short="Mort">Mortraven</name>
	<name>Notch</name>
	<name>Steven</name>
	<name short="WaiShing">Wai-Shing</name>
	<name>Kadreal</name>
	<name>Starger</name>
	<name>Andrew Fenn</name>
	<name>Mr. Buga</name>
	<name>Borman</name>
	<name>Scott Kletzkin</name>
	<name>Fleischy</name>
	<name>Joel</name>
	<name>Shelton</name>
	<name>Tach</name>
	<name>Logan Johnson</name>
	<name>Enzo Martin</name>
	<name>Jax</name>
	<name>Jeff Baars</name>
	<name>Ohm</name>
	<name>Ihlay Caris</name>
	<name>Gumpo</name>
	<name>Zerimar</name>
	<name>Bomfy M</name>
	<name>Nekose</name>
	<name>Scoops</name>
	<name>Remo</name>
	<name>Berko</name>
	<name>Jorlack</name>
	<name>Hassifa</name>
	<name short="Magmar">Magmaros</name>
	<name>Butters</name>
	<name>Josh Cubbin</name>
	<name>Vitas Varnas</name>
	<name>Monsvik</name>
	<name>Grozoly</name>
	<name>Sean O'Regan</name>
	<name>Tom Banks</name>
	<name>Nikmi</name>
	<name>Mullett</name>
	<name>Vivimord</name>
	<name>Craig Dolan</name>
	<name>Dre Kozar</name>
	<name>Nick Lanng</name>
	<name>Giles</name>
	<name>CY Heng</name>
	<name short="Narth">Narthollis</name>
	<name short="Schultze">Norwyn Schultze</name>
	<name short="Chriz">Christoph Z</name>
	<name>Bruce Geryk</name>
	<name>Chris Phillips</name>
	<name>Mikael Olofsson</name>
	<name>James Pomeroy</name>
	<name>Mike Weston</name>
	<name>Jason Bovee</name>
	<name>Xemu</name>
	<name>Nick Breckon</name>
	<name>Kapalka</name>
	<name>Stick</name>
	<name>Roper</name>
	<name short="Frederic">Frederick</name>
	<name>Henrik Aasted</name>
	<name>Firedihm</name>
	<name>Triko</name>
	<name short="Mara">Maradine</name>
	<name short="Swamps">Swampson</name>
	<name>Arries</name>
	<name>Elnubnub</name>
	<name>Ken</name>
	<name>Randy Walker</name>
	<name>Declan</name>
	<name>Luaan Ti</name>
	<name>Kirkner</name>
	<name>Lombard</name>
	<name>Feras</name>
	<name>Yeoz</name>
	<name>Ryan Maniscalco</name>
	<name>G. M. Faux</name>
	<name>O. Williams</name>
	<name>Yevon Si</name>
	<name>Johnny Maloney</name>
	<name>Will</name>
	<name>Maxwell</name>
	<name>Thomas Bloch</name>
	<name>Rynhart</name>
	<name>Cremity</name>
	<name>A. J. Hager</name>
	<name>Stephen Eckman</name>
	<name>Jan Magne</name>
	<name>Jack Shirai</name>
	<name>Julian Rafn</name>
	<name>Markand</name>
	<name>Steven Dengler</name>
	<name>Nelis</name>
	<name>Chris Malott</name>
	<name>Davion</name>
	<name>Jon Caldwell</name>
	<name>Kusy</name>
	<name>Lagardi</name>
	<name>Vincent</name>
	<name>Kevin Fish</name>
	<name>Turing</name>
	<name>Stelly</name>
	<name>Teldarin</name>
</nameList>
<nameList race="human" sex="female" language="es">
	<name>T'ten</name>
	<name>Layla</name>
	<name>Jill</name>
	<name>Alison</name>
	<name>Lexie</name>
	<name>Aki</name>
	<name>María</name>
	<name>Lauren</name>
	<name>Elizabeth</name>
	<name>Nazia</name>
	<name>Emily</name>
	<name>Willow</name>
	<name>Xin Xin</name>
	<name>Felicity</name>
	<name>Ariel</name>
	<name>Aisha</name>
	<name>Manon</name>
	<name>Emma</name>
	<name>Sophia</name>
	<name>Rebekah</name>
	<name>Lisandra</name>
	<name>Pipaluk</name>
	<name>Lana</name>
	<name>Noemí</name>
	<name>Valeriya</name>
	<name>Gracie</name>
	<name>Beth</name>
	<name>Debbie</name>
	<name>Kara</name>
</nameList>

<!-- French -->
<nameList race="human" sex="male" language="fr">
	<name>Kirby</name>
	<name>Ma Fan</name>
	<name>Jon</name>
	<name>Bjorn</name>
	<name>Justin</name>
	<name>Matt</name>
	<name>Oni</name>
	<name>Jack</name>
	<name>Markus</name>
	<name>Adnan</name>
	<name>Hector</name>
	<name>Liu Jun</name>
	<name>Jose</name>
	<name>Liam</name>
	<name>Eoin</name>
	<name>Markel</name>
	<name>Nathan</name>
	<name>Tomas</name>
	<name>Filip</name>
	<name>Nikola</name>
	<name>Maxime</name>
	<name>Artyom</name>
	<name>Mikhail</name>
	<name>Tai Yi</name>
	<name>Junpeng</name>
	<name>Steven</name>
	<name>Ferry</name>
	<name>Sem</name>
	<name>Tee Lek</name>
	<name>Matthieu</name>
	<name>King</name>
	<name>Graffin</name>
	<name>Hutz</name>
	<name>Atreyu</name>
	<name>Bryan</name>
	<name>Zas</name>
	<name>Bigby</name>
	<name>Alex Rigopulos</name>
	<name short="Mort">Mortraven</name>
	<name>Notch</name>
	<name>Steven</name>
	<name short="WaiShing">Wai-Shing</name>
	<name>Kadreal</name>
	<name>Starger</name>
	<name>Andrew Fenn</name>
	<name>Mr Buga</name>
	<name>Borman</name>
	<name>Scott Kletzkin</name>
	<name>Fleischy</name>
	<name>Joel</name>
	<name>Shelton</name>
	<name>Tach</name>
	<name>Logan Johnson</name>
	<name>Enzo Martin</name>
	<name>Jax</name>
	<name>Jeff Baars</name>
	<name>Ohm</name>
	<name>Ihlay Caris</name>
	<name>Gumpo</name>
	<name>Zerimar</name>
	<name>Bomfy M</name>
	<name>Nekose</name>
	<name>Scoops</name>
	<name>Remo</name>
	<name>Berko</name>
	<name>Jorlack</name>
	<name>Hassifa</name>
	<name short="Magmar">Magmaros</name>
	<name>Butters</name>
	<name>Josh Cubbin</name>
	<name>Vitas Varnas</name>
	<name>Monsvik</name>
	<name>Grozoly</name>
	<name>Sean O'Regan</name>
	<name>Tom Banks</name>
	<name>Nikmi</name>
	<name>Mullett</name>
	<name>Vivimord</name>
	<name>Craig Dolan</name>
	<name>Dre Kozar</name>
	<name>Nick Lanng</name>
	<name>Giles</name>
	<name>CY Heng</name>
	<name short="Narth">Narthollis</name>
	<name short="Schultze">Norwyn Schultze</name>
	<name short="Chriz">Christoph Z</name>
	<name>Bruce Geryk</name>
	<name>Chris Phillips</name>
	<name>Mikael Olofsson</name>
	<name>James Pomeroy</name>
	<name>Mike Weston</name>
	<name>Jason Bovee</name>
	<name>Xemu</name>
	<name>Nick Breckon</name>
	<name>Kapalka</name>
	<name>Stick</name>
	<name>Roper</name>
	<name short="Frédéric">Frédérique</name>
	<name>Henrik Aasted</name>
	<name>Firedihm</name>
	<name>Triko</name>
	<name short="Mara">Maradine</name>
	<name short="Swamps">Swampson</name>
	<name>Arries</name>
	<name>Elnubnub</name>
	<name>Ken</name>
	<name>Randy Walker</name>
	<name>Declan</name>
	<name>Luaan Ti</name>
	<name>Kirkner</name>
	<name>Lombard</name>
	<name>Feras</name>
	<name>Yeoz</name>
	<name>Ryan Maniscalco</name>
	<name>GM Faux</name>
	<name>O. Williams</name>
	<name>Yevon Si</name>
	<name>Johnny Maloney</name>
	<name>Will</name>
	<name>Maxwell</name>
	<name>Thomas Bloch</name>
	<name>Rynhart</name>
	<name>Cremity</name>
	<name>AJ Hager</name>
	<name>Stephen Eckman</name>
	<name>Jan Magne</name>
	<name>Jack Shirai</name>
	<name>Julian Rafn</name>
	<name>Markand</name>
	<name>Steven Dengler</name>
	<name>Nelis</name>
	<name>Chris Malott</name>
	<name>Davion</name>
	<name>Jon Caldwell</name>
	<name>Kusy</name>
	<name>Lagardi</name>
	<name>Vincent</name>
	<name>Kevin Fish</name>
	<name>Turing</name>
	<name>Stelly</name>
	<name>Teldarin</name>
</nameList>
<nameList race="human" sex="female" language="fr">
	<name>T'ten</name>
	<name>Layla</name>
	<name>Jill</name>
	<name>Alison</name>
	<name>Lexie</name>
	<name>Aki</name>
	<name>Maria</name>
	<name>Lauren</name>
	<name>Élizabeth</name>
	<name>Nazia</name>
	<name>Émilie</name>
	<name>Willow</name>
	<name>Xin Xin</name>
	<name>Felicity</name>
	<name>Ariel</name>
	<name>Aisha</name>
	<name>Manon</name>
	<name>Emma</name>
	<name>Sophia</name>
	<name>Rebekah</name>
	<name>Lisandra</name>
	<name>Pipaluk</name>
	<name>Lana</name>
	<name>Noémi</name>
	<name>Valeriya</name>
	<name>Gracie</name>
	<name>Beth</name>
	<name>Debbie</name>
	<name>Kara</name>
</nameList>

<!-- Italian -->
<nameList race="human" sex="male" language="it">
	<name>Kirby</name>
	<name>Ma Fan</name>
	<name>Jon</name>
	<name>Bjorn</name>
	<name>Justin</name>
	<name>Matt</name>
	<name>Oni</name>
	<name>Jack</name>
	<name>Markus</name>
	<name>Adnan</name>
	<name>Hector</name>
	<name>Liu Jun</name>
	<name>José</name>
	<name>Liam</name>
	<name>Eoin</name>
	<name>Markel</name>
	<name>Nathan</name>
	<name>Tomas</name>
	<name>Filip</name>
	<name>Nikola</name>
	<name>Maxim</name>
	<name>Artyom</name>
	<name>Mikhail</name>
	<name>Tai Yi</name>
	<name>Junpeng</name>
	<name>Steven</name>
	<name>Ferry</name>
	<name>Sem</name>
	<name>S</name>
	<name>Matthieu</name>
	<name>King</name>
	<name>Graffin</name>
	<name>Hutz</name>
	<name>Atreyu</name>
	<name>Bryan</name>
	<name>Zas</name>
	<name>Bigby</name>
	<name>Alex Rigopulos</name>
	<name short="Mort">Mortraven</name>
	<name>Notch</name>
	<name>Steven</name>
	<name short="WaiShing">Wai-Shing</name>
	<name>Kadreal</name>
	<name>Starger</name>
	<name>Andrew Fenn</name>
	<name>Sr Buga</name>
	<name>Borman</name>
	<name>Scott Kletzkin</name>
	<name>Fleischy</name>
	<name>Joel</name>
	<name>Shelton</name>
	<name>Tach</name>
	<name>Logan Johnson</name>
	<name>Enzo Martin</name>
	<name>Jax</name>
	<name>Jeff Baars</name>
	<name>Ohm</name>
	<name>Ihlay Caris</name>
	<name>Gumpo</name>
	<name>Zerimar</name>
	<name>Bomfy M</name>
	<name>Nekose</name>
	<name>Scoops</name>
	<name>Remo</name>
	<name>Berko</name>
	<name>Jorlack</name>
	<name>Hassifa</name>
	<name short="Magmar">Magmaros</name>
	<name>Butters</name>
	<name>Josh Cubbin</name>
	<name>Vitas Varnas</name>
	<name>Monsvik</name>
	<name>Grozoly</name>
	<name>Sean O'Regan</name>
	<name>Tom Banks</name>
	<name>Nikmi</name>
	<name>Mullett</name>
	<name>Vivimord</name>
	<name>Craig Dolan</name>
	<name>Dre Kozar</name>
	<name>Nick Lanng</name>
	<name>Giles</name>
	<name>CY Heng</name>
	<name short="Narth">Narthollis</name>
	<name short="Schultze">Norwyn Schultze</name>
	<name short="Chriz">Christoph Z</name>
	<name>Bruce Geryk</name>
	<name>Chris Phillips</name>
	<name>Mikael Olofsson</name>
	<name>James Pomeroy</name>
	<name>Mike Weston</name>
	<name>Jason Bovee</name>
	<name>Xemu</name>
	<name>Nick Breckon</name>
	<name>Kapalka</name>
	<name>Stick</name>
	<name>Roper</name>
	<name short="Frederic">Frederick</name>
	<name>Henrik Aasted</name>
	<name>Firedihm</name>
	<name>Triko</name>
	<name short="Mara">Maradine</name>
	<name short="Swamps">Swampson</name>
	<name>Arries</name>
	<name>Elnubnub</name>
	<name>Ken</name>
	<name>Randy Walker</name>
	<name>Declan</name>
	<name>Luaan Ti</name>
	<name>Kirkner</name>
	<name>Lombard</name>
	<name>Feras</name>
	<name>Yeoz</name>
	<name>Ryan Maniscalco</name>
	<name>GM Faux</name>
	<name>O. Williams</name>
	<name>Yevon Si</name>
	<name>Johnny Maloney</name>
	<name>Will</name>
	<name>Maxwell</name>
	<name>Thomas Bloch</name>
	<name>Rynhart</name>
	<name>Cremity</name>
	<name>AJ Hager</name>
	<name>Stephen Eckman</name>
	<name>Jan Magne</name>
	<name>Jack Shirai</name>
	<name>Julian Rafn</name>
	<name>Markand</name>
	<name>Steven Dengler</name>
	<name>Nelis</name>
	<name>Chris Malott</name>
	<name>Davion</name>
	<name>Jon Caldwell</name>
	<name>Kusy</name>
	<name>Lagardi</name>
	<name>Vincent</name>
	<name>Kevin Fish</name>
	<name>Turing</name>
	<name>Stelly</name>
	<name>Teldarin</name>
</nameList>
<nameList race="human" sex="female" language="it">
	<name>T'ten</name>
	<name>Layla</name>
	<name>Jill</name>
	<name>Alison</name>
	<name>Lexie</name>
	<name>Aki</name>
	<name>Maria</name>
	<name>Lauren</name>
	<name>Elizabeth</name>
	<name>Nazia</name>
	<name>Emily</name>
	<name>Willow</name>
	<name>Xin Xin</name>
	<name>Felicity</name>
	<name>Ariel</name>
	<name>Aisha</name>
	<name>Manon</name>
	<name>Emma</name>
	<name>Sophia</name>
	<name>Rebekah</name>
	<name>Lisandra</name>
	<name>Pipaluk</name>
	<name>Lana</name>
	<name>Noemi</name>
	<name>Valeriya</name>
	<name>Gracie</name>
	<name>Beth</name>
	<name>Debbie</name>
	<name>Kara</name>
</nameList>

<!-- Japanese -->
<nameList race="human" sex="male" language="ja">
	<name>カービィ</name>
	<name>マファン</name>
	<name>ジョン</name>
	<name>ビョルン</name>
	<name>ジャスティン</name>
	<name>マット</name>
	<name>オニ</name>
	<name>ジャック</name>
	<name>マーカス</name>
	<name>アドナン</name>
	<name>ヘクター</name>
	<name>リュウ・ジュン</name>
	<name>ホセ</name>
	<name>リアム</name>
	<name>オーエン</name>
	<name>マーケル</name>
	<name>ネイサン</name>
	<name>トマス</name>
	<name>フィリップ</name>
	<name>二コラ</name>
	<name>マキシム</name>
	<name>アルチョム</name>
	<name>ミハイル</name>
	<name>タイ・イー</name>
	<name>ジュンペン</name>
	<name>スティーブン</name>
	<name>フェリー</name>
	<name>セム</name>
	<name>ティレク</name>
	<name>マシュー</name>
	<name>キング</name>
	<name>グラフィン</name>
	<name>ハッツ</name>
	<name>アトレイユ</name>
	<name>ブライアン</name>
	<name>ザス</name>
	<name>ビグビー</name>
	<name>アレックス・リゴプロス</name>
	<name short="モート">モートラヴァン</name>
	<name>ノッチ</name>
	<name>スティーブン</name>
	<name short="ウェイ">ウェイシン</name>
	<name>カドリアル</name>
	<name>スターガー</name>
	<name>アンドリュー・フェン</name>
	<name>ブーガ師</name>
	<name>ボーマン</name>
	<name>スコット・クレツキン</name>
	<name>フライシ</name>
	<name>ジョエル</name>
	<name>シェルトン</name>
	<name>タック</name>
	<name>ローガン・ジョンソン</name>
	<name>エンツォ・マーティン</name>
	<name>ジャクス</name>
	<name>ジェフ・バーズ</name>
	<name>オーム</name>
	<name>イーライ・カリス</name>
	<name>グンポ</name>
	<name>ゼリマー</name>
	<name>ボンフィM</name>
	<name>ネコセ</name>
	<name>スクープス</name>
	<name>レモ</name>
	<name>ベルコ</name>
	<name>ジョラック</name>
	<name>ハシファ</name>
	<name short="マグマー">マグマロス</name>
	<name>バターズ</name>
	<name>ジョシュ・クビン</name>
	<name>ヴィタス・ヴァルナス</name>
	<name>モンスヴィク</name>
	<name>グロゾリィ</name>
	<name>ショーン・オリーガン</name>
	<name>トム・バンクス</name>
	<name>ニクミ</name>
	<name>マレット</name>
	<name>ヴィヴィモード</name>
	<name>クレイグ・ドラン</name>
	<name>ドレー・コザー</name>
	<name>ニック・ラング</name>
	<name>ジャイルズ</name>
	<name>サイ・ヘング</name>
	<name short="ナース">ナーソリス</name>
	<name short="シュルツ">ノーウィン・シュルツ</name>
	<name short="クリス">クリストフZ</name>
	<name>ブルース・ジェリク</name>
	<name>クリス・フィリップス</name>
	<name>ミカエル・オロフソン</name>
	<name>ジェームズ・ポメロイ</name>
	<name>マイク・ウェストン</name>
	<name>ジェイソン・ボービー</name>
	<name>ゼム</name>
	<name>ニック・ブレッコン</name>
	<name>カパルカ</name>
	<name>スティック</name>
	<name>ローパー</name>
	<name short="フレディ">フレデリック</name>
	<name>ヘンリク・エイステッド</name>
	<name>ファイアディム</name>
	<name>トリコ</name>
	<name short="マラ">マラディン</name>
	<name short="スワンプ">スワンプソン</name>
	<name>アリエス</name>
	<name>エルナブナブ</name>
	<name>ケン</name>
	<name>ランディ・ウォーカー</name>
	<name>デクラン</name>
	<name>ルアン・ティ</name>
	<name>カークナー</name>
	<name>ロンバード</name>
	<name>フェラス</name>
	<name>イェオズ</name>
	<name>ライアン・マニスカルコ</name>
	<name>GM・フォークス</name>
	<name>O・ウィリアムス</name>
	<name>イェボン・シィ</name>
	<name>ジョニー・マロニー</name>
	<name>ウィル</name>
	<name>マクスウェル</name>
	<name>トマス・ブロック</name>
	<name>リンハート</name>
	<name>クレミティ</name>
	<name>AJ・ヘイガー</name>
	<name>スティーブン・エックマン</name>
	<name>ジャン・マグナ</name>
	<name>ジャック・シライ</name>
	<name>ジュリアン・ラフン</name>
	<name>マルカンド</name>
	<name>スティーブン・デングラー</name>
	<name>ネリス</name>
	<name>クリス・マロット</name>
	<name>デヴィオン</name>
	<name>ジョン・カルドウェル</name>
	<name>クシ</name>
	<name>ラガルディ</name>
	<name>ヴィンセント</name>
	<name>ケヴィン・フィッシュ</name>
	<name>チューリング</name>
	<name>ステリィ</name>
	<name>テルダリン</name>
</nameList>
<nameList race="human" sex="female" language="ja">
	<name>ツテン</name>
	<name>レイラ</name>
	<name>ジル</name>
	<name>アリソン</name>
	<name>レクシィ</name>
	<name>アキ</name>
	<name>マリア</name>
	<name>ローレン</name>
	<name>エリザベス</name>
	<name>ナツィア</name>
	<name>エミリー</name>
	<name>ウィロー</name>
	<name>シンシン</name>
	<name>フェリシティ</name>
	<name>アリエル</name>
	<name>アイシャ</name>
	<name>マノン</name>
	<name>エマ</name>
	<name>ソフィア</name>
	<name>レベッカ</name>
	<name>リサンドラ</name>
	<name>ピパルク</name>
	<name>ラナ</name>
	<name>ノオミ</name>
	<name>ヴァレリア</name>
	<name>グレイシー</name>
	<name>ベス</name>
	<name>デビー</name>
	<name>カラ</name>
</nameList>

<!-- Polish -->
<nameList race="human" sex="male" language="pl">
	<name>Kirby</name>
	<name>Ma Fan</name>
	<name>Jon</name>
	<name>Bjorn</name>
	<name>Justin</name>
	<name>Matt</name>
	<name>Oni</name>
	<name>Jack</name>
	<name>Markus</name>
	<name>Adnan</name>
	<name>Hector</name>
	<name>Liu Jun</name>
	<name>Jose</name>
	<name>Liam</name>
	<name>Eoin</name>
	<name>Markel</name>
	<name>Nathan</name>
	<name>Tomas</name>
	<name>Filip</name>
	<name>Nikola</name>
	<name>Maxim</name>
	<name>Artyom</name>
	<name>Mikhail</name>
	<name>Tai Yi</name>
	<name>Junpeng</name>
	<name>Steven</name>
	<name>Ferry</name>
	<name>Sem</name>
	<name>Tee Lek</name>
	<name>Matthieu</name>
	<name>King</name>
	<name>Graffin</name>
	<name>Hutz</name>
	<name>Atreyu</name>
	<name>Bryan</name>
	<name>Zas</name>
	<name>Bigby</name>
	<name>Alex Rigopulos</name>
	<name short="Mort">Mortraven</name>
	<name>Notch</name>
	<name>Steven</name>
	<name short="WaiShing">Wai-Shing</name>
	<name>Kadreal</name>
	<name>Starger</name>
	<name>Andrew Fenn</name>
	<name>Mr Buga</name>
	<name>Borman</name>
	<name>Scott Kletzkin</name>
	<name>Fleischy</name>
	<name>Joel</name>
	<name>Shelton</name>
	<name>Tach</name>
	<name>Logan Johnson</name>
	<name>Enzo Martin</name>
	<name>Jax</name>
	<name>Jeff Baars</name>
	<name>Ohm</name>
	<name>Ihlay Caris</name>
	<name>Gumpo</name>
	<name>Zerimar</name>
	<name>Bomfy M</name>
	<name>Nekose</name>
	<name>Scoops</name>
	<name>Remo</name>
	<name>Berko</name>
	<name>Jorlack</name>
	<name>Hassifa</name>
	<name short="Magmar">Magmaros</name>
	<name>Butters</name>
	<name>Josh Cubbin</name>
	<name>Vitas Varnas</name>
	<name>Monsvik</name>
	<name>Grozoly</name>
	<name>Sean O'Regan</name>
	<name>Tom Banks</name>
	<name>Nikmi</name>
	<name>Mullett</name>
	<name>Vivimord</name>
	<name>Craig Dolan</name>
	<name>Dre Kozar</name>
	<name>Nick Lanng</name>
	<name>Giles</name>
	<name>CY Heng</name>
	<name short="Narth">Narthollis</name>
	<name short="Schultze">Norwyn Schultze</name>
	<name short="Chriz">Christoph Z</name>
	<name>Bruce Geryk</name>
	<name>Chris Phillips</name>
	<name>Mikael Olofsson</name>
	<name>James Pomeroy</name>
	<name>Mike Weston</name>
	<name>Jason Bovee</name>
	<name>Xemu</name>
	<name>Nick Breckon</name>
	<name>Kapalka</name>
	<name>Stick</name>
	<name>Roper</name>
	<name short="Frederic">Frederick</name>
	<name>Henrik Aasted</name>
	<name>Firedihm</name>
	<name>Triko</name>
	<name short="Mara">Maradine</name>
	<name short="Swamps">Swampson</name>
	<name>Arries</name>
	<name>Elnubnub</name>
	<name>Ken</name>
	<name>Randy Walker</name>
	<name>Declan</name>
	<name>Luaan Ti</name>
	<name>Kirkner</name>
	<name>Lombard</name>
	<name>Feras</name>
	<name>Yeoz</name>
	<name>Ryan Maniscalco</name>
	<name>GM Faux</name>
	<name>O. Williams</name>
	<name>Yevon Si</name>
	<name>Johnny Maloney</name>
	<name>Will</name>
	<name>Maxwell</name>
	<name>Thomas Bloch</name>
	<name>Rynhart</name>
	<name>Cremity</name>
	<name>AJ Hager</name>
	<name>Stephen Eckman</name>
	<name>Jan Magne</name>
	<name>Jack Shirai</name>
	<name>Julian Rafn</name>
	<name>Markand</name>
	<name>Steven Dengler</name>
	<name>Nelis</name>
	<name>Chris Malott</name>
	<name>Davion</name>
	<name>Jon Caldwell</name>
	<name>Kusy</name>
	<name>Lagardi</name>
	<name>Vincent</name>
	<name>Kevin Fish</name>
	<name>Turing</name>
	<name>Stelly</name>
	<name>Teldarin</name>
</nameList>
<nameList race="human" sex="female" language="pl">
	<name>T'ten</name>
	<name>Layla</name>
	<name>Jill</name>
	<name>Alison</name>
	<name>Lexie</name>
	<name>Aki</name>
	<name>Maria</name>
	<name>Lauren</name>
	<name>Elizabeth</name>
	<name>Nazia</name>
	<name>Emily</name>
	<name>Willow</name>
	<name>Xin Xin</name>
	<name>Felicity</name>
	<name>Ariel</name>
	<name>Aisha</name>
	<name>Manon</name>
	<name>Emma</name>
	<name>Sophia</name>
	<name>Rebekah</name>
	<name>Lisandra</name>
	<name>Pipaluk</name>
	<name>Lana</name>
	<name>Noemi</name>
	<name>Valeriya</name>
	<name>Gracie</name>
	<name>Beth</name>
	<name>Debbie</name>
	<name>Kara</name>
</nameList>

<!-- Portuguese_Brazil -->
<nameList race="human" sex="male" language="pt">
	<name>Kirby</name>
	<name>Ma Fan</name>
	<name>Jon</name>
	<name>Bjorn</name>
	<name>Justin</name>
	<name>Matt</name>
	<name>Oni</name>
	<name>Jack</name>
	<name>Markus</name>
	<name>Adnan</name>
	<name>Hector</name>
	<name>Liu Jun</name>
	<name>José</name>
	<name>Liam</name>
	<name>Eoin</name>
	<name>Markel</name>
	<name>Nathan</name>
	<name>Tomas</name>
	<name>Filip</name>
	<name>Nikola</name>
	<name>Maxim</name>
	<name>Artyom</name>
	<name>Mikhail</name>
	<name>Tai Yi</name>
	<name>Junpeng</name>
	<name>Steven</name>
	<name>Ferry</name>
	<name>Sem</name>
	<name>S</name>
	<name>Matthieu</name>
	<name>King</name>
	<name>Graffin</name>
	<name>Hutz</name>
	<name>Atreyu</name>
	<name>Bryan</name>
	<name>Zas</name>
	<name>Bigby</name>
	<name>Alex Rigopulos</name>
	<name short="Mort">Mortraven</name>
	<name>Notch</name>
	<name>Steven</name>
	<name short="WaiShing">Wai-Shing</name>
	<name>Kadreal</name>
	<name>Starger</name>
	<name>Andrew Fenn</name>
	<name>Sr Buga</name>
	<name>Borman</name>
	<name>Scott Kletzkin</name>
	<name>Fleischy</name>
	<name>Joel</name>
	<name>Shelton</name>
	<name>Tach</name>
	<name>Logan Johnson</name>
	<name>Enzo Martin</name>
	<name>Jax</name>
	<name>Jeff Baars</name>
	<name>Ohm</name>
	<name>Ihlay Caris</name>
	<name>Gumpo</name>
	<name>Zerimar</name>
	<name>Bomfy M</name>
	<name>Nekose</name>
	<name>Scoops</name>
	<name>Remo</name>
	<name>Berko</name>
	<name>Jorlack</name>
	<name>Hassifa</name>
	<name short="Magmar">Magmaros</name>
	<name>Butters</name>
	<name>Josh Cubbin</name>
	<name>Vitas Varnas</name>
	<name>Monsvik</name>
	<name>Grozoly</name>
	<name>Sean O'Regan</name>
	<name>Tom Banks</name>
	<name>Nikmi</name>
	<name>Mullett</name>
	<name>Vivimord</name>
	<name>Craig Dolan</name>
	<name>Dre Kozar</name>
	<name>Nick Lanng</name>
	<name>Giles</name>
	<name>CY Heng</name>
	<name short="Narth">Narthollis</name>
	<name short="Schultze">Norwyn Schultze</name>
	<name short="Chriz">Christoph Z</name>
	<name>Bruce Geryk</name>
	<name>Chris Phillips</name>
	<name>Mikael Olofsson</name>
	<name>James Pomeroy</name>
	<name>Mike Weston</name>
	<name>Jason Bovee</name>
	<name>Xemu</name>
	<name>Nick Breckon</name>
	<name>Kapalka</name>
	<name>Stick</name>
	<name>Roper</name>
	<name short="Frederic">Frederick</name>
	<name>Henrik Aasted</name>
	<name>Firedihm</name>
	<name>Triko</name>
	<name short="Mara">Maradine</name>
	<name short="Swamps">Swampson</name>
	<name>Arries</name>
	<name>Elnubnub</name>
	<name>Ken</name>
	<name>Randy Walker</name>
	<name>Declan</name>
	<name>Luaan Ti</name>
	<name>Kirkner</name>
	<name>Lombard</name>
	<name>Feras</name>
	<name>Yeoz</name>
	<name>Ryan Maniscalco</name>
	<name>GM Faux</name>
	<name>O. Williams</name>
	<name>Yevon Si</name>
	<name>Johnny Maloney</name>
	<name>Will</name>
	<name>Maxwell</name>
	<name>Thomas Bloch</name>
	<name>Rynhart</name>
	<name>Cremity</name>
	<name>AJ Hager</name>
	<name>Stephen Eckman</name>
	<name>Jan Magne</name>
	<name>Jack Shirai</name>
	<name>Julian Rafn</name>
	<name>Markand</name>
	<name>Steven Dengler</name>
	<name>Nelis</name>
	<name>Chris Malott</name>
	<name>Davion</name>
	<name>Jon Caldwell</name>
	<name>Kusy</name>
	<name>Lagardi</name>
	<name>Vincent</name>
	<name>Kevin Fish</name>
	<name>Turing</name>
	<name>Stelly</name>
	<name>Teldarin</name>
</nameList>
<nameList race="human" sex="female" language="pt">
	<name>T'ten</name>
	<name>Layla</name>
	<name>Jill</name>
	<name>Alison</name>
	<name>Lexie</name>
	<name>Aki</name>
	<name>Maria</name>
	<name>Lauren</name>
	<name>Elizabeth</name>
	<name>Nazia</name>
	<name>Emily</name>
	<name>Willow</name>
	<name>Xin Xin</name>
	<name>Felicity</name>
	<name>Ariel</name>
	<name>Aisha</name>
	<name>Manon</name>
	<name>Emma</name>
	<name>Sophia</name>
	<name>Rebekah</name>
	<name>Lisandra</name>
	<name>Pipaluk</name>
	<name>Lana</name>
	<name>Noemi</name>
	<name>Valeriya</name>
	<name>Gracie</name>
	<name>Beth</name>
	<name>Debbie</name>
	<name>Kara</name>
</nameList>

<!-- Russian -->
<nameList race="human" sex="male" language="ru">
	<name>Кирби</name>
	<name>Ма Фань</name>
	<name>Джон</name>
	<name>Бьорн</name>
	<name>Джастин</name>
	<name>Мэтт</name>
	<name>Они</name>
	<name>Джек</name>
	<name>Маркус</name>
	<name>Аднан</name>
	<name>Гектор</name>
	<name>Лю Цзюнь</name>
	<name>Хосе</name>
	<name>Лиам</name>
	<name>Эойн</name>
	<name>Маркел</name>
	<name>Нэйтан</name>
	<name>Томас</name>
	<name>Филипп</name>
	<name>Никола</name>
	<name>Максим</name>
	<name>Артем</name>
	<name>Михаил</name>
	<name>Тай И</name>
	<name>Цзюньпен</name>
	<name>Стивен</name>
	<name>Ферри</name>
	<name>Сэм</name>
	<name>Ти Лек</name>
	<name>Мэтью</name>
	<name>Кинг</name>
	<name>Грэффин</name>
	<name>Хатц</name>
	<name>Атрейу</name>
	<name>Брайан</name>
	<name>Зас</name>
	<name>Бигби</name>
	<name>Алекс Ригопулос</name>
	<name short="Морт">Мортравен</name>
	<name>Нотч</name>
	<name>Стивен</name>
	<name short="Вайшин">Вай-Шин</name>
	<name>Кэдрил</name>
	<name>Старгер</name>
	<name>Эндрю Фенн</name>
	<name>М-р Буга</name>
	<name>Борман</name>
	<name>Скотт Клецкин</name>
	<name>Фляйши</name>
	<name>Джоэл</name>
	<name>Шелтон</name>
	<name>Таш</name>
	<name>Логан Джонсон</name>
	<name>Энцо Мартин</name>
	<name>Джакс</name>
	<name>Джефф Барс</name>
	<name>Ом</name>
	<name>Илай Карис</name>
	<name>Гампо</name>
	<name>Зеримар</name>
	<name>Бомфи М</name>
	<name>Нэкосэ</name>
	<name>Скупс</name>
	<name>Ремо</name>
	<name>Берко</name>
	<name>Йорлак</name>
	<name>Хассифа</name>
	<name short="Мармар">Магмарос</name>
	<name>Баттерс</name>
	<name>Джош Каббин</name>
	<name>Витас Варнас</name>
	<name>Монсвик</name>
	<name>Грозоли</name>
	<name>Шон О'Риган</name>
	<name>Том Бэнкс</name>
	<name>Никми</name>
	<name>Маллетт</name>
	<name>Вивиморд</name>
	<name>Крэйг Долан</name>
	<name>Дре Козар</name>
	<name>Ник Ланнг</name>
	<name>Джайлз</name>
	<name>Си Уай Хен</name>
	<name short="Нарт">Нартоллис</name>
	<name short="Шульце">Норвин Шульце</name>
	<name short="Криз">Кристоф З</name>
	<name>Брюс Герик</name>
	<name>Крис Филлипс</name>
	<name>Микаэл Олафссон</name>
	<name>Джеймс Помрой</name>
	<name>Майк Уэстон</name>
	<name>Джейсон Буви</name>
	<name>Зему</name>
	<name>Ник Брекон</name>
	<name>Капалька</name>
	<name>Стик</name>
	<name>Роупер</name>
	<name short="Фредерик">Фредерик</name>
	<name>Хенрик Астед</name>
	<name>Файердим</name>
	<name>Трайко</name>
	<name short="Мара">Марадин</name>
	<name short="Свомпс">Свомпсон</name>
	<name>Аррис</name>
	<name>Элнабнаб</name>
	<name>Кен</name>
	<name>Рэнди Уокер</name>
	<name>Деклан</name>
	<name>Луаан Ти</name>
	<name>Киркнер</name>
	<name>Ломбард</name>
	<name>Ферас</name>
	<name>Еоз</name>
	<name>Райан Манискалко</name>
	<name>ГМ. Фокс</name>
	<name>О. Уиллиамс</name>
	<name>Евон Си</name>
	<name>Джонни Малони</name>
	<name>Уилл</name>
	<name>Максуэлл</name>
	<name>Томас Блок</name>
	<name>Райнхарт</name>
	<name>Кримити</name>
	<name>Эй Джей Хейгер</name>
	<name>Стивен Экман</name>
	<name>Ян Магне</name>
	<name>Джек Шираи</name>
	<name>Джулиан Рафн</name>
	<name>Марканд</name>
	<name>Стивен Денглер</name>
	<name>Нелис</name>
	<name>Крис Мэллот</name>
	<name>Дэвион</name>
	<name>Джон Колдуэлл</name>
	<name>Куси</name>
	<name>Лагарди</name>
	<name>Винсент</name>
	<name>Кевин Фиш</name>
	<name>Тюринг</name>
	<name>Стелли</name>
	<name>Телдарин</name>
</nameList>
<nameList race="human" sex="female" language="ru">
	<name>Т'тэн</name>
	<name>Лайла</name>
	<name>Джилл</name>
	<name>Элисон</name>
	<name>Лекси</name>
	<name>Аки</name>
	<name>Мария</name>
	<name>Лорен</name>
	<name>Элизабет</name>
	<name>Назиа</name>
	<name>Эмили</name>
	<name>Уиллоу</name>
	<name>Синь Синь</name>
	<name>Фелисити</name>
	<name>Ариэль</name>
	<name>Аиша</name>
	<name>Манон</name>
	<name>Эмма</name>
	<name>София</name>
	<name>Ребекка</name>
	<name>Лисандра</name>
	<name>Пипалук</name>
	<name>Лана</name>
	<name>Ноэми</name>
	<name>Валерия</name>
	<name>Грейси</name>
	<name>Бет</name>
	<name>Дэбби</name>
	<name>Кара</name>
</nameList>

</FTL>
